Anne & Mitja;annemitja@gmail.com;MG
Anta Agni;antaagni@gmail.com;MH
Barada Street;baradastreet@gmail.com;AT
Batucada Brass Hakuna Ma Samba;batucadabrasshakunamasamba@gmail.com;AT
Bence Sarkadi Theater of Marionettes ;bencesarkaditheaterofmarionettes@gmail.com;AT
Benni Green;bennigreen@gmail.com;AT
Bigolis Teatre;bigolisteatre@gmail.com;CZ
Blechsalat;blechsalat@gmail.com;AT
Box Actor Yaya;boxactoryaya@gmail.com;HU
Cia. ElOtro;cia.elotro@gmail.com;AT
Cia. Jean Philippe Kikolas;cia.jeanphilippekikolas@gmail.com;AT
Cia. Passabarret;cia.passabarret@gmail.com;AT
Cia. ZagreB;cia.zagreb@gmail.com;IT
circoPitanga;circopitanga@gmail.com;AT
Compagnie Antipodes;compagnieantipodes@gmail.com;SK
Compagnie MOBIL;compagniemobil@gmail.com;CH
DANCEproject;danceproject@gmail.com;AT
Derek Derek;derekderek@gmail.com;CZ
Die Buschs;diebuschs@gmail.com;AT
Dimitar and Tui (AiO Company);dimitarandtui@gmail.com;AT
Dj Capuzzi & Seüorita X;djcapuzzisenoritax@gmail.com;ES
Dr. Bubbles & die Seifenblasenbande;dr.bubblesdieseifenblasenbande@gmail.com;DE
Duo Kate and Pasi;duokateandpasi@gmail.com;GB
Duo Looky;duolooky@gmail.com;IT
Duo Masawa;duomasawa@gmail.com;IT
Eco Commotion;ecocommotion@gmail.com;LU
Eddy Eighty;eddyeighty@gmail.com;LV
El Diabolero;eldiabolero@gmail.com;LY
Eric Tarantola;erictarantola@gmail.com;MA
Fausto Giori;faustogiori@gmail.com;MC
figurentheater (isipisi);figurentheaterisipisi@gmail.com;MD
folkshilfe;folkshilfe@gmail.com;ME
Grande Cantagiro Barattoli;grandecantagirobarattoli@gmail.com;AT
Herr Hundertpfund;herrhundertpfund@gmail.com;IE
Herr Konrad;herrkonrad@gmail.com;MK
Hint;hint@gmail.com;ML
Hipnopia & Migui Mandala Sol;hipnopiamiguimandalasol@gmail.com;MM
HoopStep;hoopstep@gmail.com;HK
Ian Deadly;iandeadly@gmail.com;HM
Kammann;kammann@gmail.com;HN
Kana;kana@gmail.com;HR
Katay Santos;kataysantos@gmail.com;HT
Kleines Grusel Gewusel;kleinesgruselgewusel@gmail.com;HU
La Trocola Circo;latrocolacirco@gmail.com;ID
Les Contes d'Asphalt;lescontesdasphalt@gmail.com;IE
Los Galindos;losgalindos@gmail.com;IL
Lucy Lou;lucylou@gmail.com;IM
Lumen Invoco;lumeninvoco@gmail.com;SK
Lutrek Statues & Clowns;lutrekstatuesclowns@gmail.com;PA
Mattress Circus;mattresscircus@gmail.com;PE
Maurangas;maurangas@gmail.com;PF
Mr. Mostacho;mr.mostacho@gmail.com;PG
Nanirossi;nanirossi@gmail.com;PH
OAKLEAF Stelzenkunst;oakleafstelzenkunst@gmail.com;PK
Ola Muchin;olamuchin@gmail.com;PL
Omnivolant;omnivolant@gmail.com;PA
Pallotto;pallotto@gmail.com;PE
Phoenix LED & Firedancers;phoenixledfiredancers@gmail.com;PF
Puppenbühne Burattino - Koffertheater;puppenbühneburattino-koffertheater@gmail.com;PG
Rafael Sorryso;rafaelsorryso@gmail.com;PH
Rewi & Mr Jeff;rewimrjeff@gmail.com;PK
Samuelito;samuelito@gmail.com;PL
Secret Circus;secretcircus@gmail.com;RO
Shining Shadows;shiningshadows@gmail.com;RS
The LEDies;theledies@gmail.com;RU
TheFREAKS Akrobatik-Showteam;thefreaksakrobatik-showteam@gmail.com;LY
TON;ton@gmail.com;MA
Trini-ty;trini-ty@gmail.com;MC
Urban Safari ;urbansafari@gmail.com;MD
Why Walk;whywalk@gmail.com;ME
Zirkus Gonzo;zirkusgonzo@gmail.com;SK
Zirkus Morsa;zirkusmorsa@gmail.com;CH
